date,asset_id,operator_id,shift,fuel_liters,idle_pct,empty_travel_pct,avg_speed_kmh,max_coolant_c,shocks,overloads,maintenance_hours_remaining
2026-08-11,FLT-012,OP-007,A,55.66,21.19,39.66,11.45,88.32,0,0,118.0
2026-08-11,FLT-012,OP-042,B,59.19,22.53,41.0,11.52,86.59,0,0,117.75
2026-08-11,FLT-012,OP-094,C,54.95,23.25,44.14,11.31,86.72,0,0,117.5
2026-08-11,FLT-017,OP-028,A,53.62,21.99,42.38,11.6,88.38,0,0,150.0
2026-08-11,FLT-017,OP-074,B,58.14,20.62,44.37,11.8,88.08,0,0,149.75
2026-08-11,FLT-017,OP-105,C,56.1,22.8,44.35,12.37,86.17,0,0,149.5
2026-08-11,FLT-023,OP-051,A,59.72,23.8,41.45,12.43,87.68,0,0,112.0
2026-08-11,FLT-023,OP-094,B,62.08,20.95,42.1,10.95,90.31,0,0,111.75
2026-08-11,FLT-023,OP-021,C,63.0,21.21,41.22,11.44,86.61,0,0,111.5
2026-08-11,FLT-031,OP-088,A,70.37,21.11,39.86,11.05,89.56,0,0,190.0
2026-08-11,FLT-031,OP-021,B,74.71,21.08,36.65,10.95,88.39,0,0,189.75
2026-08-11,FLT-031,OP-063,C,74.81,19.52,38.75,10.86,88.29,0,0,189.5
2026-08-11,FLT-044,OP-015,A,72.59,20.05,40.92,10.18,88.98,0,0,84.0
2026-08-11,FLT-044,OP-063,B,75.05,21.3,38.36,10.29,89.48,0,0,83.75
2026-08-11,FLT-044,OP-105,C,70.85,21.79,40.37,10.95,89.62,0,0,83.5
2026-08-11,FLT-052,OP-074,A,58.09,22.65,42.42,11.65,85.62,0,0,138.0
2026-08-11,FLT-052,OP-105,B,62.46,21.54,41.32,11.99,87.12,0,0,137.75
2026-08-11,FLT-052,OP-033,C,61.85,21.66,40.17,11.2,88.83,0,0,137.5
2026-08-11,FLT-058,OP-094,A,54.7,19.4,40.97,12.84,86.31,0,0,214.0
2026-08-11,FLT-058,OP-033,B,54.5,20.92,39.14,11.86,87.81,0,0,213.75
2026-08-11,FLT-058,OP-088,C,53.05,19.84,41.62,13.09,85.71,0,0,213.5
2026-08-11,FLT-064,OP-105,A,84.79,23.81,35.45,10.43,90.77,0,0,168.0
2026-08-11,FLT-064,OP-088,B,91.11,20.29,40.85,10.59,90.56,0,0,167.75
2026-08-11,FLT-064,OP-028,C,85.95,22.73,40.78,10.67,88.95,0,0,167.5
2026-08-12,FLT-012,OP-015,A,56.85,21.31,39.7,12.32,88.4,0,0,116.65
2026-08-12,FLT-012,OP-051,B,60.3,19.77,42.3,11.98,85.77,0,0,116.4
2026-08-12,FLT-012,OP-105,C,55.81,20.74,39.78,11.84,85.83,0,0,116.15
2026-08-12,FLT-017,OP-033,A,53.69,21.27,41.12,11.57,88.65,0,0,148.65
2026-08-12,FLT-017,OP-088,B,57.51,22.07,41.44,12.71,87.9,0,0,148.4
2026-08-12,FLT-017,OP-007,C,55.37,23.33,41.85,11.37,87.35,0,0,148.15
2026-08-12,FLT-023,OP-063,A,59.47,23.54,38.22,11.46,88.62,0,0,110.65
2026-08-12,FLT-023,OP-105,B,65.13,21.49,42.49,11.53,87.4,0,0,110.4
2026-08-12,FLT-023,OP-028,C,60.17,20.78,42.76,12.24,87.5,0,0,110.15
2026-08-12,FLT-031,OP-094,A,73.83,22.43,37.65,10.18,89.08,0,0,188.65
2026-08-12,FLT-031,OP-028,B,76.06,19.31,38.28,10.42,87.46,0,0,188.4
2026-08-12,FLT-031,OP-074,C,71.29,22.0,39.74,10.45,86.65,0,0,188.15
2026-08-12,FLT-044,OP-021,A,69.1,21.22,41.36,10.59,87.29,0,0,81.6
2026-08-12,FLT-044,OP-074,B,72.29,22.43,41.18,11.48,88.8,0,0,81.35
2026-08-12,FLT-044,OP-007,C,73.24,23.19,42.41,10.8,90.21,0,0,81.1
2026-08-12,FLT-052,OP-088,A,57.83,21.32,39.75,11.95,86.2,0,0,136.65
2026-08-12,FLT-052,OP-007,B,63.51,22.29,42.29,10.98,88.69,0,0,136.4
2026-08-12,FLT-052,OP-042,C,61.02,23.59,40.3,12.29,88.84,0,0,136.15
2026-08-12,FLT-058,OP-105,A,51.87,19.54,42.21,11.7,85.64,0,0,212.65
2026-08-12,FLT-058,OP-042,B,56.54,19.49,41.11,12.95,86.2,0,0,212.4
2026-08-12,FLT-058,OP-094,C,52.76,20.65,38.56,12.5,85.78,0,0,212.15
2026-08-12,FLT-064,OP-007,A,84.5,22.66,36.4,9.74,87.56,0,0,166.65
2026-08-12,FLT-064,OP-094,B,87.14,20.58,40.78,10.29,90.68,0,0,166.4
2026-08-12,FLT-064,OP-033,C,87.13,21.03,39.08,9.88,88.55,0,0,166.15
2026-08-13,FLT-012,OP-021,A,55.76,22.89,41.6,12.57,85.18,0,0,115.3
2026-08-13,FLT-012,OP-063,B,59.66,21.75,39.09,12.02,86.18,0,0,115.05
2026-08-13,FLT-012,OP-007,C,55.17,20.4,39.31,11.41,86.77,0,0,114.8
2026-08-13,FLT-017,OP-042,A,53.72,22.28,43.28,12.17,86.58,0,0,147.3
2026-08-13,FLT-017,OP-094,B,58.74,23.33,43.81,12.21,86.7,0,0,147.05
2026-08-13,FLT-017,OP-015,C,56.87,20.5,40.36,11.43,89.26,0,0,146.8
2026-08-13,FLT-023,OP-074,A,61.23,23.28,40.84,11.82,89.85,0,0,109.3
2026-08-13,FLT-023,OP-007,B,65.08,20.58,39.93,11.65,87.15,0,0,109.05
2026-08-13,FLT-023,OP-033,C,61.06,21.25,40.89,11.99,90.16,0,0,108.8
2026-08-13,FLT-031,OP-105,A,71.05,19.91,37.27,11.0,86.95,0,0,187.3
2026-08-13,FLT-031,OP-033,B,73.82,21.89,39.11,10.54,89.74,0,0,187.05
2026-08-13,FLT-031,OP-088,C,74.64,20.2,36.32,11.22,86.99,0,0,186.8
2026-08-13,FLT-044,OP-028,A,68.8,22.28,37.36,10.0,87.08,0,0,79.2
2026-08-13,FLT-044,OP-088,B,75.27,21.59,39.04,10.82,88.91,0,0,78.95
2026-08-13,FLT-044,OP-015,C,70.34,20.29,42.07,10.59,90.22,0,0,78.7
2026-08-13,FLT-052,OP-094,A,58.21,21.84,39.29,10.99,88.19,0,0,135.3
2026-08-13,FLT-052,OP-015,B,62.15,24.92,40.05,12.13,88.83,0,0,135.05
2026-08-13,FLT-052,OP-051,C,58.88,21.95,41.84,11.58,88.87,0,0,134.8
2026-08-13,FLT-058,OP-007,A,52.46,19.58,41.71,12.2,88.48,0,0,211.3
2026-08-13,FLT-058,OP-051,B,57.35,18.67,42.13,12.5,84.9,0,0,211.05
2026-08-13,FLT-058,OP-105,C,52.47,20.74,42.33,12.43,84.77,0,0,210.8
2026-08-13,FLT-064,OP-015,A,81.84,23.62,39.59,9.42,90.54,0,0,165.3
2026-08-13,FLT-064,OP-105,B,90.91,22.42,38.78,9.64,87.9,0,0,165.05
2026-08-13,FLT-064,OP-042,C,87.71,20.42,39.86,10.31,90.39,0,0,164.8
2026-08-14,FLT-012,OP-028,A,54.72,22.51,39.99,11.49,87.64,0,0,113.95
2026-08-14,FLT-012,OP-074,B,60.07,19.93,43.23,12.69,88.06,0,0,113.7
2026-08-14,FLT-012,OP-015,C,57.23,21.71,39.33,12.62,87.5,0,0,113.45
2026-08-14,FLT-017,OP-051,A,53.88,22.22,42.67,12.72,86.42,0,0,145.95
2026-08-14,FLT-017,OP-105,B,57.47,22.71,44.36,11.84,87.03,0,0,145.7
2026-08-14,FLT-017,OP-021,C,55.64,22.51,41.5,11.86,88.57,0,0,145.45
2026-08-14,FLT-023,OP-088,A,61.78,22.93,41.26,11.91,87.56,0,0,107.95
2026-08-14,FLT-023,OP-021,B,62.95,23.95,38.74,12.3,90.07,0,0,107.7
2026-08-14,FLT-023,OP-042,C,60.16,21.04,43.29,12.12,86.81,0,0,107.45
2026-08-14,FLT-031,OP-007,A,70.66,20.44,36.87,10.38,87.42,0,0,185.95
2026-08-14,FLT-031,OP-042,B,76.74,21.65,37.51,10.51,87.1,0,0,185.7
2026-08-14,FLT-031,OP-094,C,72.39,19.87,41.39,11.16,88.09,0,0,185.45
2026-08-14,FLT-044,OP-033,A,70.02,22.79,42.28,10.18,88.02,0,0,76.8
2026-08-14,FLT-044,OP-094,B,73.8,23.7,40.61,11.07,86.68,0,0,76.55
2026-08-14,FLT-044,OP-021,C,70.26,23.9,38.51,9.98,89.09,0,0,76.3
2026-08-14,FLT-052,OP-105,A,57.38,23.81,43.95,10.93,86.22,0,0,133.95
2026-08-14,FLT-052,OP-021,B,63.45,21.83,41.34,11.2,87.34,0,0,133.7
2026-08-14,FLT-052,OP-063,C,58.93,21.11,42.47,10.75,86.5,0,0,133.45
2026-08-14,FLT-058,OP-015,A,52.93,21.71,38.31,11.58,88.39,0,0,209.95
2026-08-14,FLT-058,OP-063,B,56.13,21.09,39.15,12.2,88.25,0,0,209.7
2026-08-14,FLT-058,OP-007,C,54.76,21.09,43.5,11.67,84.9,0,0,209.45
2026-08-14,FLT-064,OP-021,A,82.72,21.09,35.08,9.87,89.58,0,0,163.95
2026-08-14,FLT-064,OP-007,B,91.45,21.44,40.22,9.61,88.22,0,0,163.7
2026-08-14,FLT-064,OP-051,C,83.67,22.04,36.98,10.6,90.34,0,0,163.45
2026-08-15,FLT-012,OP-033,A,54.94,19.52,39.82,11.54,86.28,0,0,112.6
2026-08-15,FLT-012,OP-088,B,57.04,21.22,42.25,11.39,85.69,0,0,112.35
2026-08-15,FLT-012,OP-021,C,55.16,23.46,41.91,12.05,87.53,0,0,112.1
2026-08-15,FLT-017,OP-063,A,55.31,21.58,41.61,11.53,88.73,0,0,144.6
2026-08-15,FLT-017,OP-007,B,58.44,21.94,40.7,11.85,89.18,0,0,144.35
2026-08-15,FLT-017,OP-028,C,56.98,22.09,40.72,11.67,87.05,0,0,144.1
2026-08-15,FLT-023,OP-094,A,60.73,21.47,40.0,11.32,87.39,0,0,106.6
2026-08-15,FLT-023,OP-028,B,65.41,24.15,41.88,10.96,89.78,0,0,106.35
2026-08-15,FLT-023,OP-074,C,62.14,22.38,41.53,10.95,88.5,0,0,106.1
2026-08-15,FLT-031,OP-015,A,69.75,19.39,38.18,10.35,86.33,0,0,184.6
2026-08-15,FLT-031,OP-074,B,76.34,22.75,39.04,10.92,88.23,0,0,184.35
2026-08-15,FLT-031,OP-105,C,73.32,21.91,40.58,10.52,87.61,0,0,184.1
2026-08-15,FLT-044,OP-042,A,69.68,21.91,42.91,10.17,87.24,0,0,74.4
2026-08-15,FLT-044,OP-105,B,72.0,22.68,38.1,10.62,88.83,0,0,74.15
2026-08-15,FLT-044,OP-028,C,69.7,21.92,38.02,11.37,89.64,0,0,73.9
2026-08-15,FLT-052,OP-007,A,59.14,24.55,40.29,10.98,86.69,0,0,132.6
2026-08-15,FLT-052,OP-028,B,60.6,24.28,41.21,10.72,87.65,0,0,132.35
2026-08-15,FLT-052,OP-074,C,61.69,21.29,44.31,11.16,88.65,0,0,132.1
2026-08-15,FLT-058,OP-021,A,51.55,19.02,43.16,12.79,87.08,0,0,208.6
2026-08-15,FLT-058,OP-074,B,55.42,21.34,39.82,11.89,84.86,0,0,208.35
2026-08-15,FLT-058,OP-015,C,55.6,19.46,38.51,12.27,84.82,0,0,208.1
2026-08-15,FLT-064,OP-028,A,83.22,23.53,40.02,10.56,90.93,0,0,162.6
2026-08-15,FLT-064,OP-015,B,87.92,20.03,36.5,10.38,87.84,0,0,162.35
2026-08-15,FLT-064,OP-063,C,89.23,22.1,36.13,9.68,89.04,0,0,162.1
2026-08-16,FLT-012,OP-042,A,56.68,21.84,41.27,11.9,86.97,0,0,111.25
2026-08-16,FLT-012,OP-094,B,56.99,20.74,39.79,12.27,88.68,0,0,111.0
2026-08-16,FLT-012,OP-028,C,55.26,21.64,40.05,12.42,86.7,0,0,110.75
2026-08-16,FLT-017,OP-074,A,52.64,23.24,40.04,11.93,87.62,0,0,143.25
2026-08-16,FLT-017,OP-015,B,59.06,21.6,40.09,12.71,87.15,0,0,143.0
2026-08-16,FLT-017,OP-033,C,55.85,20.72,44.74,12.58,85.62,0,0,142.75
2026-08-16,FLT-023,OP-105,A,58.51,22.39,40.72,11.69,87.36,0,0,105.25
2026-08-16,FLT-023,OP-033,B,63.07,22.97,41.55,11.56,88.89,0,0,105.0
2026-08-16,FLT-023,OP-088,C,63.65,24.32,39.83,11.73,89.74,0,0,104.75
2026-08-16,FLT-031,OP-021,A,73.24,19.35,37.75,10.95,89.07,0,0,183.25
2026-08-16,FLT-031,OP-088,B,78.41,20.89,40.66,10.18,86.83,0,0,183.0
2026-08-16,FLT-031,OP-015,C,75.37,22.91,39.09,10.34,87.48,0,0,182.75
2026-08-16,FLT-044,OP-051,A,72.08,22.71,41.85,10.94,88.25,0,0,72.0
2026-08-16,FLT-044,OP-015,B,73.17,21.61,40.94,11.48,86.76,0,0,71.75
2026-08-16,FLT-044,OP-033,C,72.49,22.88,42.33,10.71,86.65,0,0,71.5
2026-08-16,FLT-052,OP-015,A,61.23,21.44,41.69,11.06,85.76,0,0,131.25
2026-08-16,FLT-052,OP-033,B,63.53,21.58,40.0,11.9,88.79,0,0,131.0
2026-08-16,FLT-052,OP-088,C,60.14,21.86,44.53,11.09,86.67,0,0,130.75
2026-08-16,FLT-058,OP-028,A,51.54,22.31,40.58,11.86,86.07,0,0,207.25
2026-08-16,FLT-058,OP-088,B,54.24,18.94,43.21,11.52,84.57,0,0,207.0
2026-08-16,FLT-058,OP-021,C,56.07,22.33,41.39,12.18,87.36,0,0,206.75
2026-08-16,FLT-064,OP-033,A,87.82,21.59,36.23,9.82,87.44,0,0,161.25
2026-08-16,FLT-064,OP-021,B,90.42,21.08,40.38,9.47,90.52,0,0,161.0
2026-08-16,FLT-064,OP-074,C,89.38,21.88,36.12,9.52,90.48,0,0,160.75
2026-08-17,FLT-012,OP-051,A,55.84,22.89,39.38,11.47,85.18,0,0,109.9
2026-08-17,FLT-012,OP-105,B,58.66,21.4,39.38,11.93,88.21,0,0,109.65
2026-08-17,FLT-012,OP-033,C,56.45,21.63,42.87,12.2,85.46,0,0,109.4
2026-08-17,FLT-017,OP-088,A,53.63,20.91,43.77,12.75,89.34,0,0,141.9
2026-08-17,FLT-017,OP-021,B,58.94,23.96,41.78,11.99,88.07,0,0,141.65
2026-08-17,FLT-017,OP-042,C,57.14,21.58,43.02,12.19,86.46,0,0,141.4
2026-08-17,FLT-023,OP-007,A,59.1,21.7,41.0,11.85,90.16,0,0,103.9
2026-08-17,FLT-023,OP-042,B,63.8,24.22,38.16,11.28,87.09,0,0,103.65
2026-08-17,FLT-023,OP-094,C,62.16,23.83,38.18,11.71,88.58,0,0,103.4
2026-08-17,FLT-031,OP-028,A,73.74,19.37,38.75,10.57,87.88,0,0,181.9
2026-08-17,FLT-031,OP-094,B,74.8,22.68,41.22,10.36,87.96,0,0,181.65
2026-08-17,FLT-031,OP-021,C,71.87,21.83,41.39,11.19,86.53,0,0,181.4
2026-08-17,FLT-044,OP-063,A,69.76,20.81,42.33,10.6,86.71,0,0,69.6
2026-08-17,FLT-044,OP-021,B,75.71,23.02,40.09,10.84,88.2,0,0,69.35
2026-08-17,FLT-044,OP-042,C,73.43,22.74,40.44,10.09,86.58,0,0,69.1
2026-08-17,FLT-052,OP-021,A,59.17,22.89,40.94,10.98,87.99,0,0,129.9
2026-08-17,FLT-052,OP-042,B,64.01,23.51,41.64,12.03,87.0,0,0,129.65
2026-08-17,FLT-052,OP-094,C,60.84,21.71,39.8,11.0,88.94,0,0,129.4
2026-08-17,FLT-058,OP-033,A,55.05,22.09,40.99,11.63,86.82,0,0,205.9
2026-08-17,FLT-058,OP-094,B,56.97,19.13,39.07,12.94,85.73,0,0,205.65
2026-08-17,FLT-058,OP-028,C,53.78,19.62,40.5,11.66,84.79,0,0,205.4
2026-08-17,FLT-064,OP-042,A,83.69,20.57,36.21,10.23,88.15,0,0,159.9
2026-08-17,FLT-064,OP-028,B,89.42,23.57,39.16,9.46,88.72,0,0,159.65
2026-08-17,FLT-064,OP-088,C,89.18,23.55,38.82,10.29,89.57,0,0,159.4
2026-08-18,FLT-012,OP-063,A,55.16,22.89,40.26,11.87,86.48,0,0,108.55
2026-08-18,FLT-012,OP-007,B,57.86,21.37,39.7,11.86,86.27,0,0,108.3
2026-08-18,FLT-012,OP-042,C,58.55,22.0,44.17,11.63,85.66,0,0,108.05
2026-08-18,FLT-017,OP-094,A,54.75,22.23,42.42,11.96,89.16,0,0,140.55
2026-08-18,FLT-017,OP-028,B,55.44,22.29,45.72,12.3,85.98,0,0,140.3
2026-08-18,FLT-017,OP-051,C,53.82,21.51,45.01,12.54,88.33,0,0,140.05
2026-08-18,FLT-023,OP-015,A,61.89,22.17,41.08,11.12,88.77,0,0,102.55
2026-08-18,FLT-023,OP-051,B,61.89,20.8,42.2,11.77,87.36,0,0,102.3
2026-08-18,FLT-023,OP-105,C,61.86,21.71,38.6,11.96,87.11,0,0,102.05
2026-08-18,FLT-031,OP-033,A,70.32,21.66,38.4,10.21,87.85,0,0,180.55
2026-08-18,FLT-031,OP-105,B,78.12,20.03,38.47,11.54,87.62,0,0,180.3
2026-08-18,FLT-031,OP-028,C,75.81,21.91,40.62,10.64,87.61,0,0,180.05
2026-08-18,FLT-044,OP-074,A,72.7,23.49,41.47,10.7,88.98,0,0,67.2
2026-08-18,FLT-044,OP-028,B,73.85,20.27,39.59,10.95,89.46,0,0,66.95
2026-08-18,FLT-044,OP-051,C,72.45,21.95,41.94,10.86,87.67,0,0,66.7
2026-08-18,FLT-052,OP-028,A,60.05,23.86,44.06,11.46,87.89,0,0,128.55
2026-08-18,FLT-052,OP-051,B,64.07,24.14,41.56,10.87,85.44,0,0,128.3
2026-08-18,FLT-052,OP-105,C,60.16,22.21,44.08,11.08,88.55,0,0,128.05
2026-08-18,FLT-058,OP-042,A,54.78,18.61,38.82,12.56,85.98,0,0,204.55
2026-08-18,FLT-058,OP-105,B,54.62,20.05,41.79,12.65,84.77,0,0,204.3
2026-08-18,FLT-058,OP-033,C,52.71,20.36,38.11,12.94,85.64,0,0,204.05
2026-08-18,FLT-064,OP-051,A,84.18,23.13,40.91,10.19,89.84,0,0,158.55
2026-08-18,FLT-064,OP-033,B,90.95,23.06,39.52,10.35,89.0,0,0,158.3
2026-08-18,FLT-064,OP-094,C,88.44,21.35,38.53,9.55,88.92,0,0,158.05
2026-08-19,FLT-012,OP-074,A,57.7,22.52,39.54,11.34,87.92,0,0,107.2
2026-08-19,FLT-012,OP-015,B,57.85,21.65,40.11,11.63,85.57,0,0,106.95
2026-08-19,FLT-012,OP-051,C,56.28,20.7,40.65,11.54,88.12,0,0,106.7
2026-08-19,FLT-017,OP-105,A,54.23,21.88,41.48,11.49,86.41,0,0,139.2
2026-08-19,FLT-017,OP-033,B,55.47,21.38,42.32,12.2,87.62,0,0,138.95
2026-08-19,FLT-017,OP-063,C,54.99,23.47,40.22,12.41,89.08,0,0,138.7
2026-08-19,FLT-023,OP-021,A,60.09,21.64,41.57,11.33,86.78,0,0,101.2
2026-08-19,FLT-023,OP-063,B,62.79,22.99,39.19,11.59,88.24,0,0,100.95
2026-08-19,FLT-023,OP-007,C,63.21,24.33,43.95,11.76,89.02,0,0,100.7
2026-08-19,FLT-031,OP-042,A,72.3,22.84,40.73,11.32,88.77,0,0,179.2
2026-08-19,FLT-031,OP-007,B,75.89,21.34,40.37,10.24,88.64,0,0,178.95
2026-08-19,FLT-031,OP-033,C,75.12,20.83,37.88,10.83,87.94,0,0,178.7
2026-08-19,FLT-044,OP-088,A,70.97,23.06,40.96,10.07,90.26,0,0,64.8
2026-08-19,FLT-044,OP-033,B,76.22,23.29,42.57,10.27,87.62,0,0,64.55
2026-08-19,FLT-044,OP-063,C,71.75,20.25,39.33,10.95,90.28,0,0,64.3
2026-08-19,FLT-052,OP-033,A,59.96,24.6,42.88,11.07,86.22,0,0,127.2
2026-08-19,FLT-052,OP-063,B,61.22,23.58,42.08,10.9,87.48,0,0,126.95
2026-08-19,FLT-052,OP-007,C,62.21,21.5,42.65,11.97,87.61,0,0,126.7
2026-08-19,FLT-058,OP-051,A,51.54,21.86,41.51,11.78,85.55,0,0,203.2
2026-08-19,FLT-058,OP-007,B,57.53,19.73,38.94,12.78,84.88,0,0,202.95
2026-08-19,FLT-058,OP-042,C,55.41,20.02,42.98,11.66,85.28,0,0,202.7
2026-08-19,FLT-064,OP-063,A,87.77,20.67,39.57,10.74,90.68,0,0,157.2
2026-08-19,FLT-064,OP-042,B,87.92,23.04,36.2,10.33,89.46,0,0,156.95
2026-08-19,FLT-064,OP-105,C,86.13,22.85,38.15,10.82,88.88,0,0,156.7
2026-08-20,FLT-012,OP-088,A,54.71,21.28,42.12,12.1,86.38,0,0,105.85
2026-08-20,FLT-012,OP-021,B,59.46,20.53,40.61,12.51,85.21,0,0,105.6
2026-08-20,FLT-012,OP-063,C,56.7,20.14,43.88,11.93,87.68,0,0,105.35
2026-08-20,FLT-017,OP-007,A,55.78,21.25,45.57,11.41,88.27,0,0,137.85
2026-08-20,FLT-017,OP-042,B,57.83,22.45,40.12,11.69,86.65,0,0,137.6
2026-08-20,FLT-017,OP-074,C,56.85,22.58,42.33,12.69,86.32,0,0,137.35
2026-08-20,FLT-023,OP-028,A,61.46,22.0,43.66,11.85,90.15,0,0,99.85
2026-08-20,FLT-023,OP-074,B,65.2,20.94,41.18,12.46,89.77,0,0,99.6
2026-08-20,FLT-023,OP-015,C,62.14,21.76,40.52,11.69,87.47,0,0,99.35
2026-08-20,FLT-031,OP-051,A,74.4,22.2,37.06,10.73,86.66,0,0,177.85
2026-08-20,FLT-031,OP-015,B,78.68,21.4,38.28,10.93,88.84,0,0,177.6
2026-08-20,FLT-031,OP-042,C,71.46,19.19,36.17,10.56,88.75,0,0,177.35
2026-08-20,FLT-044,OP-094,A,68.96,23.56,39.42,10.58,90.28,0,0,62.4
2026-08-20,FLT-044,OP-042,B,74.46,20.45,41.2,10.61,87.98,0,0,62.15
2026-08-20,FLT-044,OP-074,C,72.74,20.65,37.53,10.06,87.09,0,0,61.9
2026-08-20,FLT-052,OP-042,A,61.78,23.4,42.55,11.64,87.29,0,0,125.85
2026-08-20,FLT-052,OP-074,B,62.39,24.83,40.08,11.91,86.09,0,0,125.6
2026-08-20,FLT-052,OP-015,C,61.14,22.09,42.41,12.28,88.83,0,0,125.35
2026-08-20,FLT-058,OP-063,A,54.27,19.18,43.85,11.66,86.19,0,0,201.85
2026-08-20,FLT-058,OP-015,B,54.38,20.46,38.36,11.5,86.4,0,0,201.6
2026-08-20,FLT-058,OP-051,C,53.65,18.94,39.49,12.44,84.79,0,0,201.35
2026-08-20,FLT-064,OP-074,A,84.95,23.26,38.28,10.14,90.14,0,0,155.85
2026-08-20,FLT-064,OP-051,B,90.26,20.47,38.71,9.64,87.24,0,0,155.6
2026-08-20,FLT-064,OP-007,C,85.82,20.06,36.73,9.68,90.42,0,0,155.35
2026-08-21,FLT-012,OP-094,A,57.6,23.24,44.88,11.29,85.91,0,0,104.5
2026-08-21,FLT-012,OP-028,B,60.12,22.74,39.35,12.13,85.68,0,0,104.25
2026-08-21,FLT-012,OP-074,C,56.88,21.27,43.58,11.64,88.44,0,0,104.0
2026-08-21,FLT-017,OP-015,A,52.69,21.29,41.03,11.66,89.18,0,0,136.5
2026-08-21,FLT-017,OP-051,B,56.42,22.85,41.01,12.59,85.96,0,0,136.25
2026-08-21,FLT-017,OP-088,C,54.69,20.49,42.37,11.68,88.58,0,0,136.0
2026-08-21,FLT-023,OP-033,A,62.04,22.18,42.79,11.11,87.94,0,0,98.5
2026-08-21,FLT-023,OP-088,B,61.86,24.09,39.63,11.42,87.7,0,0,98.25
2026-08-21,FLT-023,OP-021,C,62.3,23.98,38.13,11.19,86.68,0,0,98.0
2026-08-21,FLT-031,OP-063,A,69.98,20.83,40.1,10.96,88.81,0,0,176.5
2026-08-21,FLT-031,OP-021,B,78.29,20.65,40.4,10.19,86.44,0,0,176.25
2026-08-21,FLT-031,OP-051,C,75.52,19.04,39.45,11.32,86.73,0,0,176.0
2026-08-21,FLT-044,OP-105,A,69.92,20.13,38.47,10.67,87.63,0,0,60.0
2026-08-21,FLT-044,OP-051,B,71.93,22.19,38.29,10.81,88.72,0,0,59.75
2026-08-21,FLT-044,OP-088,C,70.83,23.48,37.08,10.23,86.83,0,0,59.5
2026-08-21,FLT-052,OP-051,A,60.29,23.7,43.7,11.89,86.35,0,0,124.5
2026-08-21,FLT-052,OP-088,B,64.32,22.5,43.2,10.91,87.85,0,0,124.25
2026-08-21,FLT-052,OP-021,C,60.3,24.2,41.46,10.94,87.19,0,0,124.0
2026-08-21,FLT-058,OP-074,A,53.56,19.78,39.37,13.08,87.41,0,0,200.5
2026-08-21,FLT-058,OP-021,B,56.4,22.1,40.34,12.93,86.79,0,0,200.25
2026-08-21,FLT-058,OP-063,C,54.45,21.82,38.72,12.66,86.18,0,0,200.0
2026-08-21,FLT-064,OP-088,A,84.36,21.01,36.55,10.6,87.1,0,0,154.5
2026-08-21,FLT-064,OP-063,B,89.8,22.88,36.62,9.77,90.82,0,0,154.25
2026-08-21,FLT-064,OP-015,C,87.59,20.54,37.48,9.5,89.95,0,0,154.0
2026-08-22,FLT-012,OP-105,A,54.75,21.66,42.35,12.56,85.1,0,0,103.15
2026-08-22,FLT-012,OP-033,B,59.29,20.07,40.21,12.28,87.6,0,0,102.9
2026-08-22,FLT-012,OP-088,C,56.47,23.23,43.21,11.76,86.57,0,0,102.65
2026-08-22,FLT-017,OP-021,A,52.74,22.11,42.59,12.66,87.42,0,0,135.15
2026-08-22,FLT-017,OP-063,B,55.88,23.02,43.18,11.61,89.27,0,0,134.9
2026-08-22,FLT-017,OP-094,C,53.48,23.45,45.75,12.74,89.1,0,0,134.65
2026-08-22,FLT-023,OP-042,A,58.65,21.09,39.77,11.26,89.31,0,0,97.15
2026-08-22,FLT-023,OP-094,B,61.23,21.05,42.6,11.21,89.49,0,0,96.9
2026-08-22,FLT-023,OP-028,C,63.53,22.44,39.84,12.25,87.52,0,0,96.65
2026-08-22,FLT-031,OP-074,A,71.85,21.31,41.81,10.25,87.5,0,0,175.15
2026-08-22,FLT-031,OP-028,B,76.46,19.73,37.12,10.36,88.31,0,0,174.9
2026-08-22,FLT-031,OP-063,C,72.59,22.72,41.1,11.24,88.4,0,0,174.65
2026-08-22,FLT-044,OP-007,A,68.11,20.61,40.5,10.66,89.48,0,0,57.6
2026-08-22,FLT-044,OP-063,B,75.0,23.31,41.61,10.37,86.91,0,0,57.35
2026-08-22,FLT-044,OP-094,C,73.33,23.62,37.08,11.07,86.99,0,0,57.1
2026-08-22,FLT-052,OP-063,A,61.11,22.28,41.03,10.92,85.42,0,0,123.15
2026-08-22,FLT-052,OP-094,B,62.08,24.3,42.31,11.37,85.29,0,0,122.9
2026-08-22,FLT-052,OP-028,C,61.51,24.92,41.45,10.82,87.82,0,0,122.65
2026-08-22,FLT-058,OP-088,A,54.12,18.96,39.05,12.4,85.75,0,0,199.15
2026-08-22,FLT-058,OP-028,B,53.97,21.7,38.71,11.62,85.21,0,0,198.9
2026-08-22,FLT-058,OP-074,C,55.74,19.87,41.98,12.73,86.63,0,0,198.65
2026-08-22,FLT-064,OP-094,A,82.49,20.36,36.13,9.75,88.78,0,0,153.15
2026-08-22,FLT-064,OP-074,B,88.33,23.25,38.34,10.11,87.1,0,0,152.9
2026-08-22,FLT-064,OP-021,C,89.11,23.35,38.26,9.5,87.15,0,0,152.65
2026-08-23,FLT-012,OP-007,A,56.69,20.76,44.28,12.02,85.1,0,0,101.8
2026-08-23,FLT-012,OP-042,B,59.2,20.86,40.34,11.54,85.76,0,0,101.55
2026-08-23,FLT-012,OP-094,C,57.21,22.05,43.96,12.07,86.71,0,0,101.3
2026-08-23,FLT-017,OP-028,A,52.45,21.54,42.19,11.48,88.63,0,0,133.8
2026-08-23,FLT-017,OP-074,B,57.31,22.0,40.91,11.85,89.15,0,0,133.55
2026-08-23,FLT-017,OP-105,C,54.25,22.58,40.79,11.74,87.93,0,0,133.3
2026-08-23,FLT-023,OP-051,A,61.75,21.54,40.78,12.38,87.94,0,0,95.8
2026-08-23,FLT-023,OP-105,B,62.47,22.85,42.07,12.36,87.08,0,0,95.55
2026-08-23,FLT-023,OP-033,C,62.56,22.91,38.05,11.23,89.33,0,0,95.3
2026-08-23,FLT-031,OP-088,A,71.24,21.94,37.29,10.96,89.13,0,0,173.8
2026-08-23,FLT-031,OP-033,B,78.49,19.67,40.36,10.99,89.5,0,0,173.55
2026-08-23,FLT-031,OP-074,C,73.39,19.41,37.65,10.76,89.16,0,0,173.3
2026-08-23,FLT-044,OP-015,A,70.74,20.6,38.4,10.64,90.28,0,0,55.2
2026-08-23,FLT-044,OP-074,B,74.24,20.84,42.41,10.22,89.74,0,0,54.95
2026-08-23,FLT-044,OP-105,C,71.08,23.5,42.71,11.16,90.43,0,0,54.7
2026-08-23,FLT-052,OP-074,A,57.82,23.79,41.35,11.14,86.4,0,0,121.8
2026-08-23,FLT-052,OP-105,B,64.27,21.99,43.8,11.57,86.69,0,0,121.55
2026-08-23,FLT-052,OP-033,C,61.02,22.02,40.62,10.84,88.09,0,0,121.3
2026-08-23,FLT-058,OP-094,A,52.68,18.63,43.56,12.05,86.8,0,0,197.8
2026-08-23,FLT-058,OP-033,B,55.52,19.45,39.67,12.98,88.02,0,0,197.55
2026-08-23,FLT-058,OP-088,C,53.05,18.53,41.28,12.01,84.97,0,0,197.3
2026-08-23,FLT-064,OP-105,A,87.41,22.0,39.16,10.87,88.38,0,0,151.8
2026-08-23,FLT-064,OP-088,B,90.45,20.84,39.91,9.8,87.08,0,0,151.55
2026-08-23,FLT-064,OP-028,C,85.89,22.65,37.21,10.57,87.18,0,0,151.3
2026-08-24,FLT-012,OP-015,A,57.23,19.63,41.08,11.27,87.16,0,0,100.45
2026-08-24,FLT-012,OP-051,B,57.07,20.0,44.35,11.77,85.96,0,0,100.2
2026-08-24,FLT-012,OP-105,C,56.7,23.4,44.72,12.02,86.28,0,0,99.95
2026-08-24,FLT-017,OP-033,A,55.41,22.2,43.97,12.38,88.84,0,0,132.45
2026-08-24,FLT-017,OP-088,B,59.16,23.53,44.58,11.89,86.91,0,0,132.2
2026-08-24,FLT-017,OP-007,C,55.94,23.68,42.7,12.64,87.08,0,0,131.95
2026-08-24,FLT-023,OP-063,A,59.7,23.75,43.36,12.45,89.9,0,0,94.45
2026-08-24,FLT-023,OP-007,B,65.15,21.63,42.02,11.48,88.12,0,0,94.2
2026-08-24,FLT-023,OP-042,C,63.05,22.09,40.59,11.68,86.57,0,0,93.95
2026-08-24,FLT-031,OP-094,A,72.02,19.3,38.76,10.78,86.72,0,0,172.45
2026-08-24,FLT-031,OP-042,B,75.14,20.77,41.83,10.59,88.44,0,0,172.2
2026-08-24,FLT-031,OP-088,C,71.26,22.58,40.83,11.21,86.9,0,0,171.95
2026-08-24,FLT-044,OP-021,A,68.16,21.23,39.67,10.31,87.24,0,0,52.8
2026-08-24,FLT-044,OP-088,B,71.98,22.69,38.44,11.25,87.1,0,0,52.55
2026-08-24,FLT-044,OP-015,C,69.81,20.25,42.18,10.98,87.14,0,0,52.3
2026-08-24,FLT-052,OP-088,A,59.42,23.57,41.44,10.88,87.56,0,0,120.45
2026-08-24,FLT-052,OP-015,B,64.02,21.7,39.14,11.77,86.94,0,0,120.2
2026-08-24,FLT-052,OP-051,C,60.62,21.46,40.73,12.25,88.39,0,0,119.95
2026-08-24,FLT-058,OP-105,A,54.61,20.75,38.31,12.61,86.41,0,0,196.45
2026-08-24,FLT-058,OP-051,B,55.8,21.49,42.28,12.32,85.37,0,0,196.2
2026-08-24,FLT-058,OP-105,C,53.4,21.27,39.72,12.15,84.61,0,0,195.95
2026-08-24,FLT-064,OP-007,A,87.85,22.49,38.91,10.45,90.41,0,0,150.45
2026-08-24,FLT-064,OP-094,B,88.3,22.61,38.57,9.56,90.84,0,0,150.2
2026-08-24,FLT-064,OP-033,C,84.05,20.37,35.23,10.8,90.18,0,0,149.95
2026-08-25,FLT-012,OP-021,A,55.37,21.36,43.48,12.01,87.24,0,0,99.1
2026-08-25,FLT-012,OP-063,B,58.48,22.19,40.61,11.85,85.42,0,0,98.85
2026-08-25,FLT-012,OP-007,C,57.03,20.12,43.17,12.33,85.62,0,0,98.6
2026-08-25,FLT-017,OP-042,A,54.3,21.18,45.76,12.68,88.24,0,0,131.1
2026-08-25,FLT-017,OP-094,B,59.2,22.6,44.69,11.93,89.27,0,0,130.85
2026-08-25,FLT-017,OP-015,C,56.36,21.57,45.16,11.58,85.77,0,0,130.6
2026-08-25,FLT-023,OP-074,A,59.97,22.4,43.92,11.8,89.86,0,0,93.1
2026-08-25,FLT-023,OP-015,B,64.69,22.63,41.78,11.23,88.32,0,0,92.85
2026-08-25,FLT-023,OP-051,C,61.77,22.52,42.16,11.55,87.21,0,0,92.6
2026-08-25,FLT-031,OP-105,A,72.28,21.18,37.52,10.97,88.23,0,0,171.1
2026-08-25,FLT-031,OP-051,B,78.65,20.72,40.41,10.46,89.36,0,0,170.85
2026-08-25,FLT-031,OP-094,C,75.43,19.25,39.42,10.95,86.72,0,0,170.6
2026-08-25,FLT-044,OP-028,A,72.82,23.7,42.24,10.21,90.05,0,0,50.4
2026-08-25,FLT-044,OP-094,B,74.85,21.68,42.41,10.72,88.85,0,0,50.15
2026-08-25,FLT-044,OP-021,C,71.51,23.69,39.17,9.97,90.24,0,0,49.9
2026-08-25,FLT-052,OP-094,A,59.4,24.91,42.04,11.56,88.2,0,0,119.1
2026-08-25,FLT-052,OP-021,B,62.28,24.7,43.62,10.95,85.45,0,0,118.85
2026-08-25,FLT-052,OP-063,C,61.63,24.45,42.77,12.1,88.08,0,0,118.6
2026-08-25,FLT-058,OP-007,A,52.08,22.26,38.65,12.59,85.1,0,0,195.1
2026-08-25,FLT-058,OP-063,B,54.36,21.62,39.83,13.02,86.04,0,0,194.85
2026-08-25,FLT-058,OP-007,C,53.11,22.32,42.22,12.32,85.44,0,0,194.6
2026-08-25,FLT-064,OP-021,A,85.14,22.95,38.76,9.9,88.29,0,0,149.1
2026-08-25,FLT-064,OP-007,B,88.01,23.29,36.25,10.69,88.51,0,0,148.85
2026-08-25,FLT-064,OP-051,C,86.67,22.49,40.95,10.08,90.95,0,0,148.6
2026-08-26,FLT-012,OP-028,A,55.07,19.76,41.1,11.37,85.56,0,0,97.75
2026-08-26,FLT-012,OP-074,B,57.34,20.03,41.3,12.79,86.65,0,0,97.5
2026-08-26,FLT-012,OP-015,C,56.61,19.95,42.85,11.42,85.74,0,0,97.25
2026-08-26,FLT-017,OP-051,A,54.19,20.76,40.75,12.57,85.79,0,0,129.75
2026-08-26,FLT-017,OP-105,B,59.06,23.76,44.74,12.3,87.03,0,0,129.5
2026-08-26,FLT-017,OP-021,C,56.55,22.3,40.23,11.5,86.57,0,0,129.25
2026-08-26,FLT-023,OP-088,A,60.85,23.22,39.47,11.89,86.69,0,0,91.75
2026-08-26,FLT-023,OP-021,B,64.13,24.39,38.7,11.33,88.53,0,0,91.5
2026-08-26,FLT-023,OP-042,C,60.93,21.26,40.25,11.04,89.53,0,0,91.25
2026-08-26,FLT-031,OP-007,A,74.95,19.45,39.49,10.9,89.58,0,0,169.75
2026-08-26,FLT-031,OP-042,B,77.19,19.68,38.66,10.63,87.34,0,0,169.5
2026-08-26,FLT-031,OP-094,C,74.87,19.52,37.27,10.59,87.07,0,0,169.25
2026-08-26,FLT-044,OP-033,A,70.46,23.2,38.82,9.99,88.28,0,0,48.0
2026-08-26,FLT-044,OP-094,B,72.84,22.78,42.9,9.91,88.85,0,0,47.75
2026-08-26,FLT-044,OP-021,C,70.48,20.37,37.17,10.86,89.8,0,0,47.5
2026-08-26,FLT-052,OP-105,A,61.43,22.17,39.19,10.94,86.07,0,0,117.75
2026-08-26,FLT-052,OP-021,B,60.78,22.02,41.38,11.68,88.74,0,0,117.5
2026-08-26,FLT-052,OP-063,C,58.85,21.26,44.59,11.47,88.93,0,0,117.25
2026-08-26,FLT-058,OP-015,A,51.71,20.94,40.12,12.18,88.46,0,0,193.75
2026-08-26,FLT-058,OP-063,B,55.87,19.21,41.02,11.75,88.32,0,0,193.5
2026-08-26,FLT-058,OP-007,C,54.41,21.57,43.0,12.72,84.6,0,0,193.25
2026-08-26,FLT-064,OP-021,A,88.81,23.89,40.71,9.37,90.6,0,0,147.75
2026-08-26,FLT-064,OP-007,B,91.35,20.15,39.32,9.75,89.76,0,0,147.5
2026-08-26,FLT-064,OP-051,C,83.67,20.26,36.39,10.81,90.55,0,0,147.25
2026-08-27,FLT-012,OP-033,A,55.17,19.84,42.16,12.05,86.3,0,0,96.4
2026-08-27,FLT-012,OP-088,B,58.72,19.93,44.47,12.15,87.73,0,0,96.15
2026-08-27,FLT-012,OP-021,C,54.56,23.08,44.47,11.42,87.84,0,0,95.9
2026-08-27,FLT-017,OP-063,A,56.11,21.46,44.03,11.83,88.89,0,0,128.4
2026-08-27,FLT-017,OP-007,B,58.1,20.1,42.53,12.43,89.24,0,0,128.15
2026-08-27,FLT-017,OP-028,C,57.09,22.79,43.62,12.21,85.99,0,0,127.9
2026-08-27,FLT-023,OP-094,A,62.59,24.17,41.43,11.84,88.25,0,0,90.4
2026-08-27,FLT-023,OP-028,B,61.47,21.35,42.93,11.05,86.84,0,0,90.15
2026-08-27,FLT-023,OP-074,C,61.39,23.98,40.66,11.39,88.92,0,0,89.9
2026-08-27,FLT-031,OP-015,A,71.91,19.39,37.09,10.62,89.28,0,0,168.4
2026-08-27,FLT-031,OP-074,B,74.98,22.44,37.57,10.37,89.32,0,0,168.15
2026-08-27,FLT-031,OP-105,C,72.72,20.46,36.79,10.57,86.6,0,0,167.9
2026-08-27,FLT-044,OP-042,A,68.46,23.7,37.49,10.89,87.54,0,0,45.6
2026-08-27,FLT-044,OP-105,B,72.27,20.95,42.15,11.24,87.65,0,0,45.35
2026-08-27,FLT-044,OP-028,C,74.46,22.18,38.15,10.08,90.46,0,0,45.1
2026-08-27,FLT-052,OP-007,A,59.91,21.05,39.37,12.08,87.73,0,0,116.4
2026-08-27,FLT-052,OP-028,B,63.1,22.36,43.32,11.52,87.03,0,0,116.15
2026-08-27,FLT-052,OP-074,C,60.48,21.42,42.98,11.5,87.27,0,0,115.9
2026-08-27,FLT-058,OP-021,A,54.55,21.45,43.29,12.85,88.41,0,0,192.4
2026-08-27,FLT-058,OP-074,B,55.92,18.63,41.86,12.2,87.54,0,0,192.15
2026-08-27,FLT-058,OP-015,C,52.51,20.72,40.47,12.85,86.94,0,0,191.9
2026-08-27,FLT-064,OP-028,A,84.15,20.07,40.51,10.39,88.99,0,0,146.4
2026-08-27,FLT-064,OP-015,B,90.11,22.19,35.75,9.85,88.74,0,0,146.15
2026-08-27,FLT-064,OP-063,C,83.6,21.28,38.43,10.75,89.43,0,0,145.9
2026-08-28,FLT-012,OP-042,A,54.39,19.88,42.48,11.55,85.71,0,0,95.05
2026-08-28,FLT-012,OP-094,B,60.44,23.19,40.02,11.32,85.37,0,0,94.8
2026-08-28,FLT-012,OP-028,C,56.17,20.82,43.62,11.63,85.99,0,0,94.55
2026-08-28,FLT-017,OP-074,A,53.8,20.8,44.26,11.45,88.47,0,0,127.05
2026-08-28,FLT-017,OP-015,B,58.34,23.0,42.19,12.62,89.14,0,0,126.8
2026-08-28,FLT-017,OP-033,C,55.52,23.91,42.29,11.87,88.39,0,0,126.55
2026-08-28,FLT-023,OP-105,A,62.97,22.28,41.04,12.29,90.43,0,0,89.05
2026-08-28,FLT-023,OP-033,B,65.39,21.49,42.86,11.8,87.49,0,0,88.8
2026-08-28,FLT-023,OP-088,C,59.74,21.96,41.69,11.23,90.1,0,0,88.55
2026-08-28,FLT-031,OP-021,A,71.12,22.74,37.07,11.54,88.21,0,0,167.05
2026-08-28,FLT-031,OP-007,B,75.09,19.47,38.72,12.93,89.18,4,0,166.8
2026-08-28,FLT-031,OP-015,C,75.63,22.06,38.01,11.28,86.54,0,0,166.55
2026-08-28,FLT-044,OP-051,A,69.04,23.73,38.57,10.45,87.05,0,0,43.2
2026-08-28,FLT-044,OP-015,B,72.65,20.22,42.33,10.74,90.2,0,0,42.95
2026-08-28,FLT-044,OP-033,C,74.37,22.36,42.69,10.76,89.39,0,0,42.7
2026-08-28,FLT-052,OP-015,A,60.93,22.51,40.8,10.87,85.36,0,0,115.05
2026-08-28,FLT-052,OP-033,B,61.22,23.18,43.47,10.98,85.73,0,0,114.8
2026-08-28,FLT-052,OP-088,C,61.22,21.5,39.28,11.51,87.99,0,0,114.55
2026-08-28,FLT-058,OP-028,A,54.99,21.76,39.84,12.35,85.87,0,0,191.05
2026-08-28,FLT-058,OP-088,B,53.4,21.83,43.1,11.72,86.67,0,0,190.8
2026-08-28,FLT-058,OP-021,C,55.68,22.31,41.75,12.0,85.11,0,0,190.55
2026-08-28,FLT-064,OP-033,A,83.5,22.54,39.21,10.12,87.26,0,0,145.05
2026-08-28,FLT-064,OP-021,B,88.58,23.72,35.41,9.58,90.85,0,0,144.8
2026-08-28,FLT-064,OP-074,C,88.46,21.83,37.14,10.82,88.68,0,0,144.55
2026-08-29,FLT-012,OP-051,A,56.31,19.72,40.24,12.1,86.38,0,0,93.7
2026-08-29,FLT-012,OP-105,B,56.63,21.38,43.16,11.51,87.72,0,0,93.45
2026-08-29,FLT-012,OP-033,C,56.28,23.14,43.97,12.55,85.83,0,0,93.2
2026-08-29,FLT-017,OP-088,A,53.32,20.45,43.71,11.81,85.83,0,0,125.7
2026-08-29,FLT-017,OP-021,B,55.93,22.26,44.98,12.48,89.3,0,0,125.45
2026-08-29,FLT-017,OP-042,C,55.5,20.59,40.82,12.55,88.31,0,0,125.2
2026-08-29,FLT-023,OP-007,A,60.28,24.06,40.57,11.13,86.93,0,0,87.7
2026-08-29,FLT-023,OP-042,B,64.1,22.56,40.98,11.98,87.57,0,0,87.45
2026-08-29,FLT-023,OP-094,C,60.17,22.0,43.7,11.09,90.49,0,0,87.2
2026-08-29,FLT-031,OP-028,A,70.56,19.21,36.69,10.96,89.71,0,0,165.7
2026-08-29,FLT-031,OP-007,B,74.33,22.29,41.21,12.74,87.4,5,0,165.45
2026-08-29,FLT-031,OP-021,C,73.33,20.39,41.17,11.57,89.76,0,0,165.2
2026-08-29,FLT-044,OP-063,A,70.49,20.52,42.24,10.5,88.23,0,0,40.8
2026-08-29,FLT-044,OP-021,B,74.08,21.93,41.03,10.98,86.98,0,0,40.55
2026-08-29,FLT-044,OP-042,C,68.96,23.67,42.12,10.47,88.62,0,0,40.3
2026-08-29,FLT-052,OP-021,A,57.82,22.97,41.5,10.83,87.58,0,0,113.7
2026-08-29,FLT-052,OP-042,B,62.72,24.94,44.12,11.68,88.65,0,0,113.45
2026-08-29,FLT-052,OP-094,C,61.68,21.96,44.12,11.16,86.35,0,0,113.2
2026-08-29,FLT-058,OP-033,A,52.76,22.21,43.28,11.71,85.05,0,0,189.7
2026-08-29,FLT-058,OP-094,B,55.37,21.51,41.65,11.79,87.72,0,0,189.45
2026-08-29,FLT-058,OP-028,C,52.52,20.98,38.77,11.61,86.18,0,0,189.2
2026-08-29,FLT-064,OP-042,A,85.22,21.55,36.88,10.49,87.79,0,0,143.7
2026-08-29,FLT-064,OP-028,B,92.24,20.23,39.41,10.13,90.47,0,0,143.45
2026-08-29,FLT-064,OP-088,C,88.38,22.17,36.71,9.7,90.39,0,0,143.2
2026-08-30,FLT-012,OP-063,A,56.47,22.53,42.84,11.62,87.04,0,0,92.35
2026-08-30,FLT-012,OP-007,B,58.01,19.68,43.19,11.69,85.14,0,0,92.1
2026-08-30,FLT-012,OP-042,C,54.25,20.89,42.26,11.54,86.32,0,0,91.85
2026-08-30,FLT-017,OP-094,A,56.43,22.66,40.55,11.61,88.64,0,0,124.35
2026-08-30,FLT-017,OP-028,B,58.46,21.69,43.28,11.85,86.04,0,0,124.1
2026-08-30,FLT-017,OP-051,C,54.05,22.01,44.92,11.79,85.66,0,0,123.85
2026-08-30,FLT-023,OP-015,A,61.27,20.87,40.14,11.44,86.88,0,0,86.35
2026-08-30,FLT-023,OP-051,B,63.97,23.96,40.14,11.29,89.19,0,0,86.1
2026-08-30,FLT-023,OP-105,C,63.08,24.22,41.77,11.07,90.05,0,0,85.85
2026-08-30,FLT-031,OP-033,A,73.57,20.53,38.04,10.46,87.45,0,0,164.35
2026-08-30,FLT-031,OP-007,B,76.42,20.76,40.13,12.98,88.95,6,0,164.1
2026-08-30,FLT-031,OP-028,C,72.97,20.15,40.71,10.78,89.42,0,0,163.85
2026-08-30,FLT-044,OP-074,A,70.35,22.28,39.61,10.08,88.78,0,0,38.4
2026-08-30,FLT-044,OP-028,B,75.26,23.34,38.4,10.97,90.17,0,0,38.15
2026-08-30,FLT-044,OP-051,C,73.45,21.3,37.12,10.88,87.16,0,0,37.9
2026-08-30,FLT-052,OP-028,A,58.98,23.06,39.54,12.22,87.51,0,0,112.35
2026-08-30,FLT-052,OP-051,B,61.42,23.07,44.16,11.57,86.02,0,0,112.1
2026-08-30,FLT-052,OP-105,C,58.81,21.67,40.43,11.1,86.09,0,0,111.85
2026-08-30,FLT-058,OP-042,A,54.92,18.8,41.58,12.34,85.14,0,0,188.35
2026-08-30,FLT-058,OP-105,B,56.98,19.71,39.38,11.76,85.02,0,0,188.1
2026-08-30,FLT-058,OP-033,C,54.54,21.32,39.49,12.83,88.49,0,0,187.85
2026-08-30,FLT-064,OP-051,A,88.75,20.67,35.11,10.43,88.35,0,0,142.35
2026-08-30,FLT-064,OP-033,B,92.12,21.42,39.15,10.29,90.77,0,0,142.1
2026-08-30,FLT-064,OP-094,C,84.13,21.02,36.27,9.92,87.63,0,0,141.85
2026-08-31,FLT-012,OP-074,A,57.25,19.89,39.11,12.29,85.48,0,0,91.0
2026-08-31,FLT-012,OP-015,B,58.54,20.25,40.26,12.21,85.53,0,0,90.75
2026-08-31,FLT-012,OP-051,C,55.47,19.83,41.84,12.31,88.52,0,0,90.5
2026-08-31,FLT-017,OP-105,A,54.67,20.05,45.88,11.95,88.42,0,0,123.0
2026-08-31,FLT-017,OP-033,B,56.11,21.3,45.46,11.68,88.37,0,0,122.75
2026-08-31,FLT-017,OP-063,C,56.53,21.47,42.92,12.62,88.17,0,0,122.5
2026-08-31,FLT-023,OP-021,A,60.83,22.27,39.39,11.25,89.21,0,0,85.0
2026-08-31,FLT-023,OP-063,B,62.46,21.69,40.97,11.58,89.46,0,0,84.75
2026-08-31,FLT-023,OP-007,C,60.33,22.59,41.94,11.08,87.95,0,0,84.5
2026-08-31,FLT-031,OP-042,A,73.13,20.1,39.37,10.2,89.47,0,0,163.0
2026-08-31,FLT-031,OP-007,B,77.4,21.54,40.64,13.2,87.88,3,0,162.75
2026-08-31,FLT-031,OP-033,C,75.34,19.07,41.82,10.67,88.08,0,0,162.5
2026-08-31,FLT-044,OP-088,A,71.18,23.38,37.3,10.25,86.72,0,0,36.0
2026-08-31,FLT-044,OP-033,B,76.03,22.24,41.08,10.66,90.43,0,0,35.75
2026-08-31,FLT-044,OP-063,C,73.31,21.32,38.45,10.96,87.29,0,0,35.5
2026-08-31,FLT-052,OP-033,A,57.78,21.39,39.31,10.72,87.69,0,0,111.0
2026-08-31,FLT-052,OP-063,B,62.69,22.18,39.3,10.99,86.24,0,0,110.75
2026-08-31,FLT-052,OP-007,C,62.05,22.56,44.21,11.4,88.36,0,0,110.5
2026-08-31,FLT-058,OP-051,A,53.93,19.68,43.34,12.81,85.47,0,0,187.0
2026-08-31,FLT-058,OP-007,B,57.17,22.39,41.28,12.38,86.48,0,0,186.75
2026-08-31,FLT-058,OP-042,C,54.46,19.19,39.35,11.74,85.14,0,0,186.5
2026-08-31,FLT-064,OP-063,A,85.54,23.03,38.37,9.81,87.47,0,0,141.0
2026-08-31,FLT-064,OP-042,B,90.3,20.18,38.25,10.1,88.68,0,0,140.75
2026-08-31,FLT-064,OP-105,C,89.49,23.6,35.66,9.71,89.74,0,0,140.5
2026-09-01,FLT-012,OP-088,A,54.38,20.69,40.19,11.49,87.47,0,0,89.65
2026-09-01,FLT-012,OP-021,B,58.87,22.54,40.5,12.68,88.3,0,0,89.4
2026-09-01,FLT-012,OP-063,C,55.24,21.57,41.64,11.94,88.55,0,0,89.15
2026-09-01,FLT-017,OP-007,A,56.59,23.88,42.94,12.7,86.24,0,0,121.65
2026-09-01,FLT-017,OP-042,B,56.99,20.57,44.41,12.25,88.72,0,0,121.4
2026-09-01,FLT-017,OP-074,C,53.53,22.03,43.71,12.71,86.29,0,0,121.15
2026-09-01,FLT-023,OP-028,A,59.69,20.81,39.91,11.55,88.77,0,0,83.65
2026-09-01,FLT-023,OP-074,B,64.76,21.54,40.39,11.72,87.53,0,0,83.4
2026-09-01,FLT-023,OP-015,C,61.82,23.44,40.14,12.39,89.73,0,0,83.15
2026-09-01,FLT-031,OP-051,A,69.95,20.16,41.32,11.33,89.66,0,0,161.65
2026-09-01,FLT-031,OP-007,B,76.09,20.4,39.8,13.5,86.67,4,0,161.4
2026-09-01,FLT-031,OP-042,C,72.39,19.29,39.0,10.45,87.35,0,0,161.15
2026-09-01,FLT-044,OP-094,A,69.35,22.22,42.58,10.89,87.44,0,0,33.6
2026-09-01,FLT-044,OP-042,B,75.74,22.22,42.6,10.3,86.93,0,0,33.35
2026-09-01,FLT-044,OP-074,C,71.41,22.81,39.57,10.14,86.97,0,0,33.1
2026-09-01,FLT-052,OP-042,A,61.72,23.1,43.56,11.84,87.85,0,0,109.65
2026-09-01,FLT-052,OP-074,B,61.42,24.48,42.25,11.56,88.88,0,0,109.4
2026-09-01,FLT-052,OP-015,C,61.86,24.73,40.96,11.36,86.17,0,0,109.15
2026-09-01,FLT-058,OP-063,A,51.83,21.44,39.56,12.69,85.2,0,0,185.65
2026-09-01,FLT-058,OP-015,B,56.71,20.42,38.63,12.91,85.95,0,0,185.4
2026-09-01,FLT-058,OP-051,C,53.56,21.76,42.98,12.23,85.06,0,0,185.15
2026-09-01,FLT-064,OP-074,A,84.38,22.05,38.72,9.61,90.93,0,0,139.65
2026-09-01,FLT-064,OP-051,B,86.96,23.11,35.56,9.73,90.31,0,0,139.4
2026-09-01,FLT-064,OP-007,C,85.15,21.98,40.25,9.77,89.72,0,0,139.15
2026-09-02,FLT-012,OP-094,A,54.62,21.67,39.61,12.07,87.89,0,0,88.3
2026-09-02,FLT-012,OP-028,B,58.61,20.21,43.87,11.97,88.95,0,0,88.05
2026-09-02,FLT-012,OP-074,C,56.74,23.13,40.38,11.41,88.29,0,0,87.8
2026-09-02,FLT-017,OP-015,A,54.94,21.62,42.31,12.69,87.27,0,0,120.3
2026-09-02,FLT-017,OP-051,B,55.78,22.35,40.49,11.78,86.59,0,0,120.05
2026-09-02,FLT-017,OP-042,C,66.82,32.93,51.47,12.67,88.86,0,0,119.8
2026-09-02,FLT-023,OP-033,A,60.8,22.02,40.69,11.09,90.49,0,0,82.3
2026-09-02,FLT-023,OP-088,B,62.24,20.52,43.53,12.18,90.2,0,0,82.05
2026-09-02,FLT-023,OP-021,C,60.01,22.65,40.08,12.05,87.12,0,0,81.8
2026-09-02,FLT-031,OP-063,A,70.86,21.77,41.29,10.21,87.49,0,0,160.3
2026-09-02,FLT-031,OP-007,B,78.05,22.36,36.63,12.51,89.13,5,0,160.05
2026-09-02,FLT-031,OP-051,C,71.06,20.34,41.18,10.75,86.59,0,0,159.8
2026-09-02,FLT-044,OP-105,A,69.85,20.25,41.43,10.18,87.68,0,0,31.2
2026-09-02,FLT-044,OP-051,B,75.22,23.05,38.01,10.23,89.9,0,0,30.95
2026-09-02,FLT-044,OP-088,C,71.83,22.76,38.08,10.4,90.44,0,0,30.7
2026-09-02,FLT-052,OP-051,A,59.67,24.91,40.69,11.63,87.13,0,0,108.3
2026-09-02,FLT-052,OP-088,B,60.64,21.77,40.77,11.59,86.45,0,0,108.05
2026-09-02,FLT-052,OP-021,C,61.39,22.87,42.77,11.96,85.06,0,0,107.8
2026-09-02,FLT-058,OP-074,A,53.6,19.89,38.53,12.45,88.09,0,0,184.3
2026-09-02,FLT-058,OP-021,B,56.98,19.19,40.17,12.63,86.43,0,0,184.05
2026-09-02,FLT-058,OP-063,C,53.72,20.7,39.38,12.58,84.76,0,0,183.8
2026-09-02,FLT-064,OP-088,A,87.17,20.54,36.68,10.87,90.51,0,0,138.3
2026-09-02,FLT-064,OP-063,B,91.11,23.34,38.38,9.69,87.81,0,0,138.05
2026-09-02,FLT-064,OP-015,C,83.9,20.25,40.85,9.67,88.69,0,0,137.8
2026-09-03,FLT-012,OP-105,A,57.35,22.91,42.27,12.38,86.38,0,0,86.95
2026-09-03,FLT-012,OP-033,B,59.26,22.52,39.7,12.04,85.5,0,0,86.7
2026-09-03,FLT-012,OP-088,C,54.98,20.75,40.82,11.44,88.75,0,0,86.45
2026-09-03,FLT-017,OP-021,A,56.14,23.28,44.64,11.79,85.8,0,0,118.95
2026-09-03,FLT-017,OP-063,B,56.17,20.42,45.94,11.58,87.72,0,0,118.7
2026-09-03,FLT-017,OP-042,C,65.16,33.86,49.21,11.75,86.44,0,0,118.45
2026-09-03,FLT-023,OP-042,A,61.49,20.64,40.99,11.64,89.71,0,0,80.95
2026-09-03,FLT-023,OP-094,B,64.25,21.45,39.22,11.07,89.21,0,0,80.7
2026-09-03,FLT-023,OP-028,C,61.57,21.79,42.44,11.25,88.44,0,0,80.45
2026-09-03,FLT-031,OP-074,A,71.68,21.96,41.39,10.92,87.43,0,0,158.95
2026-09-03,FLT-031,OP-007,B,75.67,20.65,40.33,12.85,88.24,6,0,158.7
2026-09-03,FLT-031,OP-063,C,75.92,19.19,40.25,10.86,88.49,0,0,158.45
2026-09-03,FLT-044,OP-007,A,68.51,21.86,37.5,10.54,88.53,0,0,28.8
2026-09-03,FLT-044,OP-063,B,74.07,22.2,38.06,10.13,88.54,0,0,28.55
2026-09-03,FLT-044,OP-094,C,71.16,23.3,41.12,10.44,89.36,0,0,28.3
2026-09-03,FLT-052,OP-063,A,60.5,22.69,42.24,11.71,87.83,0,0,106.95
2026-09-03,FLT-052,OP-094,B,61.86,22.5,43.94,11.93,88.61,0,0,106.7
2026-09-03,FLT-052,OP-028,C,61.41,21.93,40.43,10.84,87.0,0,0,106.45
2026-09-03,FLT-058,OP-088,A,51.67,18.92,43.37,12.72,86.44,0,0,182.95
2026-09-03,FLT-058,OP-028,B,54.91,19.78,39.76,11.82,88.47,0,0,182.7
2026-09-03,FLT-058,OP-074,C,53.36,20.75,40.02,12.02,87.66,0,0,182.45
2026-09-03,FLT-064,OP-094,A,88.4,20.34,37.73,9.51,88.88,0,0,136.95
2026-09-03,FLT-064,OP-074,B,87.87,23.08,40.78,9.45,90.22,0,0,136.7
2026-09-03,FLT-064,OP-021,C,89.34,22.73,35.29,10.42,90.48,0,0,136.45
2026-09-04,FLT-012,OP-007,A,55.5,22.83,44.04,11.36,85.71,0,0,85.6
2026-09-04,FLT-012,OP-042,B,56.89,22.13,40.5,11.33,86.14,0,0,85.35
2026-09-04,FLT-012,OP-094,C,58.32,23.17,43.99,11.45,86.43,0,0,85.1
2026-09-04,FLT-017,OP-028,A,54.43,20.6,42.2,11.55,86.45,0,0,117.6
2026-09-04,FLT-017,OP-074,B,56.18,20.63,43.6,12.13,89.37,0,0,117.35
2026-09-04,FLT-017,OP-042,C,67.29,32.71,52.01,11.44,86.91,0,0,117.1
2026-09-04,FLT-023,OP-051,A,68.06,22.36,43.03,11.78,97.37,0,0,79.6
2026-09-04,FLT-023,OP-105,B,71.72,22.15,41.6,11.61,98.04,0,0,79.35
2026-09-04,FLT-023,OP-033,C,67.85,22.67,40.2,11.15,97.97,0,0,79.1
2026-09-04,FLT-031,OP-088,A,70.24,22.75,38.3,11.04,89.57,0,0,157.6
2026-09-04,FLT-031,OP-033,B,77.03,22.14,40.87,10.75,86.59,0,0,157.35
2026-09-04,FLT-031,OP-074,C,74.96,19.74,39.75,10.44,86.81,0,0,157.1
2026-09-04,FLT-044,OP-015,A,69.76,21.04,42.55,10.66,86.78,0,0,26.4
2026-09-04,FLT-044,OP-074,B,75.27,23.73,39.57,10.8,89.08,0,0,26.15
2026-09-04,FLT-044,OP-105,C,68.8,21.19,42.88,10.49,87.3,0,0,25.9
2026-09-04,FLT-052,OP-074,A,58.07,21.47,41.71,11.68,85.95,0,0,105.6
2026-09-04,FLT-052,OP-105,B,62.56,21.48,43.96,10.97,85.2,0,0,105.35
2026-09-04,FLT-052,OP-033,C,61.91,21.56,43.37,10.95,85.87,0,0,105.1
2026-09-04,FLT-058,OP-094,A,52.35,21.17,40.24,11.63,86.45,0,0,181.6
2026-09-04,FLT-058,OP-033,B,53.72,19.69,38.48,13.03,87.76,0,0,181.35
2026-09-04,FLT-058,OP-088,C,54.67,18.84,41.78,12.18,84.8,0,0,181.1
2026-09-04,FLT-064,OP-105,A,82.74,22.98,39.97,9.44,90.91,0,0,135.6
2026-09-04,FLT-064,OP-088,B,91.46,23.76,39.18,9.96,90.66,0,0,135.35
2026-09-04,FLT-064,OP-028,C,86.72,22.62,40.25,9.66,90.21,0,0,135.1
2026-09-05,FLT-012,OP-015,A,54.14,21.21,40.19,12.47,88.71,0,0,84.25
2026-09-05,FLT-012,OP-051,B,60.33,19.96,43.75,12.22,86.54,0,0,84.0
2026-09-05,FLT-012,OP-105,C,57.24,23.18,41.19,12.43,87.6,0,0,83.75
2026-09-05,FLT-017,OP-033,A,52.69,23.62,45.62,11.98,88.45,0,0,116.25
2026-09-05,FLT-017,OP-088,B,58.5,22.51,44.39,11.5,86.03,0,0,116.0
2026-09-05,FLT-017,OP-042,C,67.36,31.75,50.72,11.62,86.88,0,0,115.75
2026-09-05,FLT-023,OP-063,A,71.49,23.98,43.73,11.74,101.69,0,0,78.25
2026-09-05,FLT-023,OP-007,B,73.34,21.61,40.59,11.56,100.95,0,0,78.0
2026-09-05,FLT-023,OP-042,C,70.07,22.26,41.41,11.79,102.27,0,0,77.75
2026-09-05,FLT-031,OP-094,A,72.77,21.3,40.21,11.42,89.43,0,0,156.25
2026-09-05,FLT-031,OP-042,B,75.84,19.2,37.29,10.17,89.75,0,0,156.0
2026-09-05,FLT-031,OP-088,C,73.51,22.87,38.76,10.39,89.02,0,0,155.75
2026-09-05,FLT-044,OP-021,A,71.14,21.27,38.2,10.02,88.36,0,0,24.0
2026-09-05,FLT-044,OP-088,B,72.44,20.35,42.59,10.62,89.66,0,0,23.75
2026-09-05,FLT-044,OP-015,C,69.77,20.08,41.0,10.64,89.43,0,0,23.5
2026-09-05,FLT-052,OP-088,A,60.27,23.03,41.55,10.91,88.22,0,0,104.25
2026-09-05,FLT-052,OP-015,B,60.68,22.31,39.66,10.8,86.23,0,0,104.0
2026-09-05,FLT-052,OP-051,C,59.03,23.37,43.48,11.0,88.97,0,0,103.75
2026-09-05,FLT-058,OP-105,A,52.18,20.9,40.08,11.93,86.87,0,0,180.25
2026-09-05,FLT-058,OP-051,B,54.0,19.14,39.58,12.81,86.77,0,0,180.0
2026-09-05,FLT-058,OP-105,C,52.45,18.71,42.92,12.99,86.51,0,0,179.75
2026-09-05,FLT-064,OP-007,A,85.23,22.14,39.14,9.88,90.74,0,0,134.25
2026-09-05,FLT-064,OP-094,B,91.3,22.15,35.74,9.44,87.18,0,0,134.0
2026-09-05,FLT-064,OP-033,C,87.3,21.55,40.24,9.72,90.04,0,0,133.75
2026-09-06,FLT-012,OP-015,A,56.48,23.07,42.44,12.03,87.69,0,2,82.9
2026-09-06,FLT-012,OP-063,B,57.61,20.99,44.19,11.34,87.84,0,0,82.65
2026-09-06,FLT-012,OP-007,C,58.62,23.09,44.29,11.37,87.53,0,0,82.4
2026-09-06,FLT-017,OP-042,A,55.52,23.81,44.03,12.05,87.36,0,0,114.9
2026-09-06,FLT-017,OP-094,B,57.35,23.91,44.87,11.79,88.44,0,0,114.65
2026-09-06,FLT-017,OP-015,C,56.61,21.97,43.62,11.43,86.46,0,0,114.4
2026-09-06,FLT-023,OP-074,A,73.68,20.95,42.52,11.42,105.2,0,0,76.9
2026-09-06,FLT-023,OP-015,B,77.08,23.91,42.44,11.83,104.76,0,0,76.65
2026-09-06,FLT-023,OP-051,C,75.37,23.95,40.46,11.04,106.43,0,0,76.4
2026-09-06,FLT-031,OP-105,A,69.57,20.89,41.45,11.35,88.42,0,0,154.9
2026-09-06,FLT-031,OP-051,B,76.43,21.47,39.07,10.39,88.8,0,0,154.65
2026-09-06,FLT-031,OP-094,C,72.91,20.57,36.57,10.61,89.45,0,0,154.4
2026-09-06,FLT-044,OP-028,A,69.54,22.68,41.64,11.02,86.96,0,0,21.6
2026-09-06,FLT-044,OP-094,B,75.92,23.59,40.1,10.33,86.64,0,0,21.35
2026-09-06,FLT-044,OP-021,C,71.65,21.95,39.03,10.83,90.39,0,0,21.1
2026-09-06,FLT-052,OP-094,A,60.35,22.52,42.85,11.58,87.79,0,0,102.9
2026-09-06,FLT-052,OP-021,B,60.27,22.34,43.95,10.81,85.08,0,0,102.65
2026-09-06,FLT-052,OP-063,C,61.17,21.59,42.88,11.01,86.24,0,0,102.4
2026-09-06,FLT-058,OP-007,A,54.99,18.59,38.74,12.66,88.01,0,0,178.9
2026-09-06,FLT-058,OP-063,B,56.36,21.77,39.79,12.18,85.89,0,0,178.65
2026-09-06,FLT-058,OP-007,C,53.96,21.81,42.32,11.51,84.63,0,0,178.4
2026-09-06,FLT-064,OP-021,A,87.43,20.71,35.51,9.68,89.55,0,0,132.9
2026-09-06,FLT-064,OP-007,B,89.51,22.91,37.73,10.69,90.03,0,0,132.65
2026-09-06,FLT-064,OP-051,C,84.82,20.4,39.41,10.21,87.73,0,0,132.4
2026-09-07,FLT-012,OP-015,A,56.98,22.05,43.92,11.77,87.74,0,3,81.55
2026-09-07,FLT-012,OP-074,B,58.97,22.16,40.97,12.51,88.93,0,0,81.3
2026-09-07,FLT-012,OP-015,C,58.21,20.14,43.61,11.66,85.3,0,0,81.05
2026-09-07,FLT-017,OP-051,A,55.94,20.69,43.83,11.48,85.99,0,0,113.55
2026-09-07,FLT-017,OP-105,B,56.55,22.0,45.2,11.79,88.55,0,0,113.3
2026-09-07,FLT-017,OP-021,C,54.31,22.18,43.92,12.17,87.35,0,0,113.05
2026-09-07,FLT-023,OP-088,A,77.67,21.4,41.23,11.81,109.27,0,0,75.55
2026-09-07,FLT-023,OP-021,B,81.31,23.94,40.64,12.3,110.34,0,0,75.3
2026-09-07,FLT-023,OP-042,C,77.15,23.6,42.25,12.41,108.72,0,0,75.05
2026-09-07,FLT-031,OP-007,A,74.92,20.39,40.92,10.94,88.16,0,0,153.55
2026-09-07,FLT-031,OP-042,B,77.54,19.4,40.98,10.88,88.6,0,0,153.3
2026-09-07,FLT-031,OP-094,C,73.23,20.19,36.91,10.6,87.75,0,0,153.05
2026-09-07,FLT-044,OP-033,A,69.29,21.64,41.96,10.2,90.24,0,0,19.2
2026-09-07,FLT-044,OP-094,B,74.38,20.21,37.36,10.83,86.74,0,0,18.95
2026-09-07,FLT-044,OP-021,C,71.75,20.45,37.64,10.09,89.75,0,0,18.7
2026-09-07,FLT-052,OP-105,A,60.77,22.8,42.27,11.82,86.2,0,0,101.55
2026-09-07,FLT-052,OP-021,B,63.76,21.9,41.76,11.91,86.75,0,0,101.3
2026-09-07,FLT-052,OP-063,C,58.52,22.05,40.92,12.26,86.45,0,0,101.05
2026-09-07,FLT-058,OP-015,A,55.71,20.29,41.43,11.74,85.81,0,0,177.55
2026-09-07,FLT-058,OP-063,B,55.17,20.07,42.82,12.92,85.6,0,0,177.3
2026-09-07,FLT-058,OP-007,C,52.63,22.03,39.56,13.0,85.82,0,0,177.05
2026-09-07,FLT-064,OP-021,A,84.3,22.4,38.69,9.52,90.18,0,0,131.55
2026-09-07,FLT-064,OP-007,B,92.35,22.15,37.38,9.82,89.16,0,0,131.3
2026-09-07,FLT-064,OP-051,C,84.33,22.0,35.2,9.88,90.15,0,0,131.05
2026-09-08,FLT-012,OP-033,A,55.98,21.33,39.57,12.4,88.72,0,0,80.2
2026-09-08,FLT-012,OP-088,B,56.98,19.71,39.09,11.99,87.51,0,0,79.95
2026-09-08,FLT-012,OP-021,C,57.55,21.24,43.76,12.22,85.07,0,0,79.7
2026-09-08,FLT-017,OP-063,A,53.52,20.46,41.48,12.3,87.42,0,0,112.2
2026-09-08,FLT-017,OP-007,B,57.42,23.7,41.09,11.61,86.74,0,0,111.95
2026-09-08,FLT-017,OP-028,C,56.94,20.36,40.89,12.05,86.08,0,0,111.7
2026-09-08,FLT-023,OP-094,A,81.98,22.27,41.04,11.79,112.67,0,0,74.2
2026-09-08,FLT-023,OP-028,B,85.94,21.77,42.04,11.03,112.52,0,0,73.95
2026-09-08,FLT-023,OP-074,C,82.64,20.99,41.33,11.51,111.6,0,0,73.7
2026-09-08,FLT-031,OP-015,A,74.63,21.5,41.92,10.19,86.98,0,0,152.2
2026-09-08,FLT-031,OP-074,B,78.7,22.27,38.16,11.14,89.94,0,0,151.95
2026-09-08,FLT-031,OP-105,C,74.83,20.94,38.14,10.41,86.03,0,0,151.7
2026-09-08,FLT-044,OP-042,A,70.31,21.07,42.53,9.91,90.48,0,0,16.8
2026-09-08,FLT-044,OP-105,B,71.96,22.98,37.03,11.49,86.62,0,0,16.55
2026-09-08,FLT-044,OP-028,C,73.28,23.57,38.87,9.96,86.99,0,0,16.3
2026-09-08,FLT-052,OP-007,A,57.89,22.54,44.43,11.76,88.19,0,0,100.2
2026-09-08,FLT-052,OP-028,B,61.97,24.0,39.11,11.6,86.86,0,0,99.95
2026-09-08,FLT-052,OP-074,C,61.46,23.37,41.67,11.98,87.83,0,0,99.7
2026-09-08,FLT-058,OP-021,A,53.72,20.45,38.42,13.0,85.92,0,0,176.2
2026-09-08,FLT-058,OP-074,B,53.75,19.93,38.14,12.18,84.56,0,0,175.95
2026-09-08,FLT-058,OP-015,C,55.81,20.61,38.12,12.7,85.68,0,0,175.7
2026-09-08,FLT-064,OP-028,A,87.21,20.41,36.15,10.79,89.02,0,0,130.2
2026-09-08,FLT-064,OP-015,B,88.0,22.81,37.78,10.72,90.32,0,0,129.95
2026-09-08,FLT-064,OP-063,C,85.08,21.69,39.5,10.36,88.83,0,0,129.7
2026-09-09,FLT-012,OP-042,A,54.99,21.16,42.84,12.67,87.68,0,0,78.85
2026-09-09,FLT-012,OP-094,B,57.94,22.1,42.06,12.07,85.19,0,0,78.6
2026-09-09,FLT-012,OP-028,C,55.52,23.28,43.09,11.7,87.25,0,0,78.35
2026-09-09,FLT-017,OP-074,A,55.18,20.43,44.06,11.67,89.41,0,0,110.85
2026-09-09,FLT-017,OP-015,B,59.03,22.13,43.72,12.03,86.68,0,0,110.6
2026-09-09,FLT-017,OP-033,C,53.5,20.92,42.47,12.41,88.71,0,0,110.35
2026-09-09,FLT-023,OP-105,A,88.65,24.26,41.82,11.17,116.75,0,0,72.85
2026-09-09,FLT-023,OP-033,B,89.73,23.89,39.71,11.61,114.18,0,0,72.6
2026-09-09,FLT-023,OP-088,C,88.76,23.41,42.34,11.07,116.46,0,0,72.35
2026-09-09,FLT-031,OP-021,A,73.14,20.63,38.03,10.31,89.65,0,0,150.85
2026-09-09,FLT-031,OP-088,B,75.05,20.15,39.07,10.42,86.29,0,0,150.6
2026-09-09,FLT-031,OP-015,C,72.92,21.78,41.06,11.34,86.29,0,0,150.35
2026-09-09,FLT-044,OP-051,A,70.44,21.87,39.71,9.94,87.68,0,0,14.4
2026-09-09,FLT-044,OP-015,B,71.37,23.25,37.33,10.12,86.96,0,0,14.15
2026-09-09,FLT-044,OP-033,C,72.15,23.72,37.04,10.32,89.62,0,0,13.9
2026-09-09,FLT-052,OP-015,A,58.56,22.32,43.53,11.33,86.35,0,0,98.85
2026-09-09,FLT-052,OP-033,B,61.79,21.57,41.7,10.83,85.98,0,0,98.6
2026-09-09,FLT-052,OP-088,C,61.42,22.88,41.37,12.08,88.56,0,0,98.35
2026-09-09,FLT-058,OP-028,A,51.64,20.31,43.73,12.35,86.91,0,0,174.85
2026-09-09,FLT-058,OP-088,B,55.49,19.23,43.69,11.92,84.62,0,0,174.6
2026-09-09,FLT-058,OP-021,C,52.58,22.15,40.01,11.91,85.99,0,0,174.35
2026-09-09,FLT-064,OP-033,A,88.83,21.68,37.84,9.51,87.61,0,0,128.85
2026-09-09,FLT-064,OP-063,B,87.95,21.15,38.6,10.37,90.15,0,0,128.6
2026-09-09,FLT-064,OP-007,C,87.06,22.26,40.57,10.57,90.6,0,0,128.35
